Stalk,Test_02,Test_03,Test_04,Test_05,Test_06,Test_07,Test_08,Test_09,Test_10,Mean,Median,Std_Dev
S01,26.71497737993627,77.08225791139235,61.13859355707433,66.74548112131156,63.5930914935012,65.56700562127277,60.74549374302362,58.039,57.93162652350845,59.729,61.139,13.69
S02,25.16091267562892,23.64910396737301,20.28485542693438,19.862416666778184,22.554420653848112,21.091342934624855,10.84117908480565,10.767,12.510312019331662,18.525,20.285,5.63
S03,7.969419489576505,7.00165339396419,9.712720956997762,13.562857014380503,8.66114614909005,13.125762542681484,9.211720981952526,17.819,17.923421266055627,11.665,9.713,4.14
S04,20.229056444219285,21.685513540722322,17.905752870058482,22.019750476876112,20.564908985798997,22.894410818138528,22.14540643039176,21.163,23.18619678667739,21.310,21.686,1.61
S05,25.198432936973692,26.34079580673368,22.942990873390837,25.349075211824886,23.85808946092003,24.918957464286922,24.944166313167827,23.026,24.49412586828333,24.564,24.919,1.11
S06,12.978689184906498,12.964014605380918,11.797360410893496,12.82533553300433,14.157900810226877,13.785999981310328,13.274717158800742,12.411,11.831957019777363,12.892,12.964,0.80
S07,11.410609850592563,11.395260890442342,12.079700842465996,12.26907341952159,11.58203679523673,11.517346766668778,11.849730902010512,10.017,11.256316111989861,11.486,11.517,0.65
S08,10.235176657549902,10.05564900817111,9.733620450434017,11.146253938912684,9.658251400425,13.17806151257673,10.419677395736537,12.539,10.875571413676033,10.871,10.420,1.24
S09,14.835108714347198,15.591472895970037,14.56128267908739,14.208550935290633,13.926589081528398,14.912220157474819,15.331487835981969,14.867,15.434487782447185,14.852,14.867,0.56
