Stalk,Test_01,Test_02,Test_03,Test_04,Test_05,Test_06,Test_07,Test_08,Test_09,Test_10,Mean,Median,Std_Dev
S01,19.883524930410513,20.49033718536566,19.988313202702688,19.67001063546594,19.728736029830834,21.61514363336069,20.660324677171264,20.761082928372094,18.768862235266955,20.257818685907356,20.1824154143854,20.123065944305022,0.7681140248588713
S02,21.18062720263038,20.45452852094601,20.19847628008109,19.85458861632277,19.46088026750702,20.14888789991495,19.287066801525917,19.794868097178828,20.112535779550253,20.12088181496894,20.06133412806262,20.116708797259598,0.5285033974625392
S03,21.113600312738615,20.63856264861179,20.516021626932588,20.9453798473762,20.83148240895538,21.315144453170706,20.805933091081837,20.905882994495222,21.336268525877713,21.14127804197508,20.954955395121512,20.92563142093571,0.27238462180733786
S04,23.081291197068808,22.344277656769247,22.924474338106936,22.68058236143418,22.209567287829376,22.225380971281215,22.70960193013155,23.155773261456215,22.874471941423156,22.441428488774807,22.664684943427552,22.695092145782866,0.3465904112694817
S05,24.57764534032187,24.115202271154498,23.681236965252484,24.302028677068392,24.021196501719373,24.461702505195074,23.747488738926705,24.498887556502606,25.282041667709233,24.323076353801895,24.301050657765213,24.312552515435144,0.4604032417684752
S06,24.090604839719276,23.853345310272406,23.424518821230475,24.15278215006745,23.778303251522455,24.415522638827536,23.305741814260443,24.159514224577745,24.456312610676495,24.73014243524369,24.036678809639795,24.121693494893364,0.4523225691558379
S07,23.702087153497427,23.75588950669636,23.145208478715137,23.293558372589203,23.326173147167577,23.68302789622844,23.16510961006723,22.863176484246623,23.58204826004389,23.175601547708993,23.36918804569609,23.30986575987839,0.2975965154992834
S08,21.8326014547275,22.00624864250992,21.938841440203902,22.96136031436949,22.83887660232801,23.50248704256032,22.71674233879321,24.35590341086826,22.984109037542513,23.479009711595666,22.86161799954988,22.90011845834875,0.7967490629504517
S09,20.735660189454965,22.060206127406886,20.558526430020994,20.977453846829683,20.81263533463633,21.571302633518215,20.954434892552822,21.408078361939648,21.432076278490893,21.058313104098268,21.156868719894867,21.017883475463975,0.45502485050137026
